post_id,claim_date,slug,reviewer,reviewed_at_utc,review_status,claims_extracted_count,evidence
post_0001,2022-05-29,the-new-science-of-alt-intelligence,chatgpt_automation_scan_v1,2026-03-03T00:44:32+00:00,scanned_full_text,7,file_read_and_hashed
post_0002,2023-01-31,the-cnet-fake-news-fiasco-autopilot,chatgpt_automation_scan_v1,2026-03-03T00:44:32+00:00,scanned_full_text,2,file_read_and_hashed
post_0003,2023-02-02,gaslighting-and-reality-in-ai,chatgpt_automation_scan_v1,2026-03-03T00:44:32+00:00,scanned_full_text,1,file_read_and_hashed
post_0004,2023-02-03,happy-groundhog-day-the-ai-edition,chatgpt_automation_scan_v1,2026-03-03T00:44:32+00:00,scanned_full_text,1,file_read_and_hashed
post_0005,2023-02-04,some-things-garymarcus-might-say,chatgpt_automation_scan_v1,2026-03-03T00:44:32+00:00,scanned_full_text,2,file_read_and_hashed
post_0006,2023-02-09,oops-how-google-bombed-while-doing,chatgpt_automation_scan_v1,2026-03-03T00:44:32+00:00,scanned_full_text,2,file_read_and_hashed
post_0007,2023-02-11,coming-soon,chatgpt_automation_scan_v1,2026-03-03T00:44:32+00:00,scanned_full_text,0,file_read_and_hashed
post_0008,2023-02-11,does-ai-really-need-a-paradigm-shift,chatgpt_automation_scan_v1,2026-03-03T00:44:32+00:00,scanned_full_text,3,file_read_and_hashed
post_0009,2023-02-11,horse-rides-astronaut,chatgpt_automation_scan_v1,2026-03-03T00:44:32+00:00,scanned_full_text,3,file_read_and_hashed
post_0010,2023-02-11,noam-chomsky-and-gpt-3,chatgpt_automation_scan_v1,2026-03-03T00:44:32+00:00,scanned_full_text,6,file_read_and_hashed
post_0011,2023-02-11,nonsense-on-stilts,chatgpt_automation_scan_v1,2026-03-03T00:44:32+00:00,scanned_full_text,3,file_read_and_hashed
post_0012,2023-02-11,poetry-for-our-agi-times,chatgpt_automation_scan_v1,2026-03-03T00:44:32+00:00,scanned_full_text,0,file_read_and_hashed
post_0013,2023-02-11,three-ideas-from-linguistics-that,chatgpt_automation_scan_v1,2026-03-03T00:44:32+00:00,scanned_full_text,5,file_read_and_hashed
post_0014,2023-02-11,what-does-it-mean-when-an-ai-fails,chatgpt_automation_scan_v1,2026-03-03T00:44:32+00:00,scanned_full_text,6,file_read_and_hashed
post_0015,2023-02-11,will-tesla-ever-solve-full-self-driving,chatgpt_automation_scan_v1,2026-03-03T00:44:32+00:00,scanned_full_text,2,file_read_and_hashed
post_0016,2023-02-12,learning-language-is-harder-than,chatgpt_automation_scan_v1,2026-03-03T00:44:32+00:00,scanned_full_text,1,file_read_and_hashed
post_0017,2023-02-12,what-google-should-really-be-worried,chatgpt_automation_scan_v1,2026-03-03T00:44:32+00:00,scanned_full_text,0,file_read_and_hashed
post_0018,2023-02-12,whats-wrong-with-googles-new-robot,chatgpt_automation_scan_v1,2026-03-03T00:44:32+00:00,scanned_full_text,1,file_read_and_hashed
post_0019,2023-02-13,5-myths-about-learning-and-innateness,chatgpt_automation_scan_v1,2026-03-03T00:44:32+00:00,scanned_full_text,1,file_read_and_hashed
post_0020,2023-02-13,deepfakes-versus-deep-understanding,chatgpt_automation_scan_v1,2026-03-03T00:44:32+00:00,scanned_full_text,1,file_read_and_hashed
post_0021,2023-02-13,did-googleai-just-snooker-one-of,chatgpt_automation_scan_v1,2026-03-03T00:44:32+00:00,scanned_full_text,7,file_read_and_hashed
post_0022,2023-02-13,form-function-and-the-giant-gulf,chatgpt_automation_scan_v1,2026-03-03T00:44:32+00:00,scanned_full_text,0,file_read_and_hashed
post_0023,2023-02-13,how-new-are-yann-lecuns-new-ideas,chatgpt_automation_scan_v1,2026-03-03T00:44:32+00:00,scanned_full_text,5,file_read_and_hashed
post_0024,2023-02-13,sub-optimal,chatgpt_automation_scan_v1,2026-03-03T00:44:32+00:00,scanned_full_text,3,file_read_and_hashed
post_0025,2023-02-13,the-new-sport-of-misrepresenting,chatgpt_automation_scan_v1,2026-03-03T00:44:32+00:00,scanned_full_text,5,file_read_and_hashed
post_0026,2023-02-13,too-much-benefit-of-the-doubt,chatgpt_automation_scan_v1,2026-03-03T00:44:32+00:00,scanned_full_text,2,file_read_and_hashed
post_0027,2023-02-13,top-5-reasons-teslas-optimus-announcement,chatgpt_automation_scan_v1,2026-03-03T00:44:32+00:00,scanned_full_text,1,file_read_and_hashed
post_0028,2023-02-14,a-few-words-about-bullshit,chatgpt_automation_scan_v1,2026-03-03T00:44:32+00:00,scanned_full_text,2,file_read_and_hashed
post_0029,2023-02-14,bravo-elonmusk-for-wanting-twitter,chatgpt_automation_scan_v1,2026-03-03T00:44:32+00:00,scanned_full_text,1,file_read_and_hashed
post_0030,2023-02-14,how-come-smart-assistants-have-virtually,chatgpt_automation_scan_v1,2026-03-03T00:44:32+00:00,scanned_full_text,5,file_read_and_hashed
post_0031,2023-02-14,sentience-and-ai-a-dialog-between,chatgpt_automation_scan_v1,2026-03-03T00:44:32+00:00,scanned_full_text,0,file_read_and_hashed
post_0032,2023-02-14,what-does-meta-ais-diplomacy-winning,chatgpt_automation_scan_v1,2026-03-03T00:44:32+00:00,scanned_full_text,5,file_read_and_hashed
post_0033,2023-02-14,what-game-over-for-the-latest-paradigm,chatgpt_automation_scan_v1,2026-03-03T00:44:32+00:00,scanned_full_text,1,file_read_and_hashed
post_0034,2023-02-15,ais-jurassic-park-moment,chatgpt_automation_scan_v1,2026-03-03T00:44:32+00:00,scanned_full_text,4,file_read_and_hashed
post_0035,2023-02-15,an-epic-ai-debateand-why-everyone,chatgpt_automation_scan_v1,2026-03-03T00:44:32+00:00,scanned_full_text,1,file_read_and_hashed
post_0036,2023-02-15,is-chatgpt-really-a-code-red-for,chatgpt_automation_scan_v1,2026-03-03T00:44:32+00:00,scanned_full_text,2,file_read_and_hashed
post_0037,2023-02-15,is-microsoft-about-to-get-the-deal,chatgpt_automation_scan_v1,2026-03-03T00:44:32+00:00,scanned_full_text,1,file_read_and_hashed
post_0038,2023-02-15,what-to-expect-when-youre-expecting,chatgpt_automation_scan_v1,2026-03-03T00:44:32+00:00,scanned_full_text,18,file_read_and_hashed
post_0039,2023-02-16,24-seriously-embarrassing-hours-for,chatgpt_automation_scan_v1,2026-03-03T00:44:32+00:00,scanned_full_text,0,file_read_and_hashed
post_0040,2023-02-16,agi-will-not-happen-in-your-lifetime,chatgpt_automation_scan_v1,2026-03-03T00:44:32+00:00,scanned_full_text,18,file_read_and_hashed
post_0041,2023-02-16,scientists-please-dont-let-your-chatbots,chatgpt_automation_scan_v1,2026-03-03T00:44:32+00:00,scanned_full_text,5,file_read_and_hashed
post_0042,2023-02-16,the-rise-and-fall-of-microsofts-new,chatgpt_automation_scan_v1,2026-03-03T00:44:32+00:00,scanned_full_text,1,file_read_and_hashed
post_0043,2023-02-16,two-frightening-things-before-breakfast,chatgpt_automation_scan_v1,2026-03-03T00:44:32+00:00,scanned_full_text,1,file_read_and_hashed
post_0044,2023-02-17,smells-a-little-bit-like-ai-winter,chatgpt_automation_scan_v1,2026-03-03T00:44:32+00:00,scanned_full_text,2,file_read_and_hashed
post_0045,2023-02-18,david-beats-go-liath,chatgpt_automation_scan_v1,2026-03-03T00:44:32+00:00,scanned_full_text,2,file_read_and_hashed
post_0046,2023-02-18,how-not-to-test-gpt-3,chatgpt_automation_scan_v1,2026-03-03T00:44:32+00:00,scanned_full_text,8,file_read_and_hashed
post_0047,2023-02-18,large-language-models-like-chatgpt,chatgpt_automation_scan_v1,2026-03-03T00:44:32+00:00,scanned_full_text,7,file_read_and_hashed
post_0048,2023-02-20,why-is-bing-so-reckless,chatgpt_automation_scan_v1,2026-03-03T00:44:32+00:00,scanned_full_text,3,file_read_and_hashed
post_0049,2023-02-21,what-did-they-know-and-when-did-they,chatgpt_automation_scan_v1,2026-03-03T00:44:32+00:00,scanned_full_text,1,file_read_and_hashed
post_0050,2023-02-22,dont-go-breaking-my-heart,chatgpt_automation_scan_v1,2026-03-03T00:44:32+00:00,scanned_full_text,1,file_read_and_hashed
post_0051,2023-02-26,is-it-time-to-hit-the-pause-button,chatgpt_automation_scan_v1,2026-03-03T00:44:32+00:00,scanned_full_text,6,file_read_and_hashed
post_0052,2023-02-28,the-threat-of-automated-misinformation,chatgpt_automation_scan_v1,2026-03-03T00:44:32+00:00,scanned_full_text,0,file_read_and_hashed
post_0053,2023-03-02,dont-look-up-the-ai-edition,chatgpt_automation_scan_v1,2026-03-03T00:44:32+00:00,scanned_full_text,3,file_read_and_hashed
post_0054,2023-03-11,the-long-shadow-of-gpt,chatgpt_automation_scan_v1,2026-03-03T00:44:32+00:00,scanned_full_text,3,file_read_and_hashed
post_0055,2023-03-12,caricaturing-noam-chomsky,chatgpt_automation_scan_v1,2026-03-03T00:44:32+00:00,scanned_full_text,5,file_read_and_hashed
post_0056,2023-03-14,should-we-worry-more-about-short,chatgpt_automation_scan_v1,2026-03-03T00:44:32+00:00,scanned_full_text,1,file_read_and_hashed
post_0057,2023-03-15,gpt-4s-successes-and-gpt-4s-failures,chatgpt_automation_scan_v1,2026-03-03T00:44:32+00:00,scanned_full_text,2,file_read_and_hashed
post_0058,2023-03-18,this-week-in-ai-doublespeak,chatgpt_automation_scan_v1,2026-03-03T00:44:32+00:00,scanned_full_text,2,file_read_and_hashed
post_0059,2023-03-25,the-sparks-of-agi-or-the-end-of-science,chatgpt_automation_scan_v1,2026-03-03T00:44:32+00:00,scanned_full_text,2,file_read_and_hashed
post_0060,2023-03-29,a-temporary-pause-on-training-extra,chatgpt_automation_scan_v1,2026-03-03T00:44:32+00:00,scanned_full_text,1,file_read_and_hashed
post_0061,2023-03-30,the-open-letter-controversy,chatgpt_automation_scan_v1,2026-03-03T00:44:32+00:00,scanned_full_text,3,file_read_and_hashed
post_0062,2023-03-31,italian-ban-on-chatgpt,chatgpt_automation_scan_v1,2026-03-03T00:44:32+00:00,scanned_full_text,0,file_read_and_hashed
post_0063,2023-04-02,i-am-not-afraid-of-robots-i-am-afraid,chatgpt_automation_scan_v1,2026-03-03T00:44:32+00:00,scanned_full_text,2,file_read_and_hashed
post_0064,2023-04-04,the-first-known-chatbot-associated,chatgpt_automation_scan_v1,2026-03-03T00:44:32+00:00,scanned_full_text,4,file_read_and_hashed
post_0065,2023-04-09,gpt-5-and-irrational-exuberance,chatgpt_automation_scan_v1,2026-03-03T00:44:32+00:00,scanned_full_text,8,file_read_and_hashed
post_0066,2023-04-17,stop-treating-ai-models-like-people,chatgpt_automation_scan_v1,2026-03-03T00:44:32+00:00,scanned_full_text,3,file_read_and_hashed
post_0067,2023-04-25,how-china-might-crush-the-west-in,chatgpt_automation_scan_v1,2026-03-03T00:44:32+00:00,scanned_full_text,4,file_read_and_hashed
post_0068,2023-04-28,inside-the-heart-of-chatgpts-darkness,chatgpt_automation_scan_v1,2026-03-03T00:44:32+00:00,scanned_full_text,4,file_read_and_hashed
post_0069,2023-05-01,scientists-governments-and-corporations,chatgpt_automation_scan_v1,2026-03-03T00:44:32+00:00,scanned_full_text,3,file_read_and_hashed
post_0070,2023-05-07,ai-risks-short-term-and-longand-what,chatgpt_automation_scan_v1,2026-03-03T00:44:32+00:00,scanned_full_text,0,file_read_and_hashed
post_0071,2023-06-08,two-models-of-ai-oversight-and-how,chatgpt_automation_scan_v1,2026-03-03T00:44:32+00:00,scanned_full_text,2,file_read_and_hashed
post_0072,2023-07-08,jumpstarting-ai-governance,chatgpt_automation_scan_v1,2026-03-03T00:44:32+00:00,scanned_full_text,2,file_read_and_hashed
post_0073,2023-08-13,what-if-generative-ai-turned-out,chatgpt_automation_scan_v1,2026-03-03T00:44:32+00:00,scanned_full_text,10,file_read_and_hashed
post_0074,2023-08-14,what-exactly-are-the-economics-of,chatgpt_automation_scan_v1,2026-03-03T00:44:32+00:00,scanned_full_text,6,file_read_and_hashed
post_0075,2023-08-16,the-imminent-enshittification-of,chatgpt_automation_scan_v1,2026-03-03T00:44:32+00:00,scanned_full_text,0,file_read_and_hashed
post_0076,2023-08-17,automatic-disinformation-threatens,chatgpt_automation_scan_v1,2026-03-03T00:44:32+00:00,scanned_full_text,2,file_read_and_hashed
post_0077,2023-08-19,face-it-self-driving-cars-still-havent,chatgpt_automation_scan_v1,2026-03-03T00:44:32+00:00,scanned_full_text,0,file_read_and_hashed
post_0078,2023-08-20,no-virginia-agi-is-not-imminent,chatgpt_automation_scan_v1,2026-03-03T00:44:32+00:00,scanned_full_text,5,file_read_and_hashed
post_0079,2023-08-21,sentient-ai-for-the-love-of-darwin,chatgpt_automation_scan_v1,2026-03-03T00:44:32+00:00,scanned_full_text,0,file_read_and_hashed
post_0080,2023-08-24,the-rise-and-fall-of-chatgpt,chatgpt_automation_scan_v1,2026-03-03T00:44:32+00:00,scanned_full_text,3,file_read_and_hashed
post_0081,2023-08-27,d28,chatgpt_automation_scan_v1,2026-03-03T00:44:32+00:00,scanned_full_text,13,file_read_and_hashed
post_0082,2023-08-28,the-us-and-china-want-different-things,chatgpt_automation_scan_v1,2026-03-03T00:44:32+00:00,scanned_full_text,2,file_read_and_hashed
post_0083,2023-08-29,could-we-all-be-doomed-without-ranked,chatgpt_automation_scan_v1,2026-03-03T00:44:32+00:00,scanned_full_text,0,file_read_and_hashed
post_0084,2023-09-01,doug-lenat-1950-2023,chatgpt_automation_scan_v1,2026-03-03T00:44:32+00:00,scanned_full_text,3,file_read_and_hashed
post_0085,2023-09-07,karen-bakker-1971-2023,chatgpt_automation_scan_v1,2026-03-03T00:44:32+00:00,scanned_full_text,1,file_read_and_hashed
post_0086,2023-09-07,the-dirty-underbelly-of-ai,chatgpt_automation_scan_v1,2026-03-03T00:44:32+00:00,scanned_full_text,0,file_read_and_hashed
post_0087,2023-09-21,six-months-after-the-pause-letter,chatgpt_automation_scan_v1,2026-03-03T00:44:32+00:00,scanned_full_text,7,file_read_and_hashed
post_0088,2023-09-22,elegant-and-powerful-new-result-that,chatgpt_automation_scan_v1,2026-03-03T00:44:32+00:00,scanned_full_text,6,file_read_and_hashed
post_0089,2023-09-27,top-5-reasons-openai-is-probably,chatgpt_automation_scan_v1,2026-03-03T00:44:32+00:00,scanned_full_text,2,file_read_and_hashed
post_0090,2023-10-04,seven-lies-in-four-sentences,chatgpt_automation_scan_v1,2026-03-03T00:44:32+00:00,scanned_full_text,0,file_read_and_hashed
post_0091,2023-10-05,muddles-about-models,chatgpt_automation_scan_v1,2026-03-03T00:44:32+00:00,scanned_full_text,7,file_read_and_hashed
post_0092,2023-10-10,what-was-60-minutes-thinking-in-that,chatgpt_automation_scan_v1,2026-03-03T00:44:32+00:00,scanned_full_text,11,file_read_and_hashed
post_0093,2023-10-14,race-statistics-and-the-persistent,chatgpt_automation_scan_v1,2026-03-03T00:44:32+00:00,scanned_full_text,3,file_read_and_hashed
post_0094,2023-10-16,two-kinds-of-techno-optimism,chatgpt_automation_scan_v1,2026-03-03T00:44:32+00:00,scanned_full_text,0,file_read_and_hashed
post_0095,2023-10-17,what-if-gpt-5-didnt-meet-expectations,chatgpt_automation_scan_v1,2026-03-03T00:44:32+00:00,scanned_full_text,5,file_read_and_hashed
post_0096,2023-10-18,reports-of-the-birth-of-agi-are-greatly,chatgpt_automation_scan_v1,2026-03-03T00:44:32+00:00,scanned_full_text,4,file_read_and_hashed
post_0097,2023-10-19,math-is-hard-if-you-are-an-llm-and,chatgpt_automation_scan_v1,2026-03-03T00:44:32+00:00,scanned_full_text,4,file_read_and_hashed
post_0098,2023-10-20,how-long-dies-ai-hype-take-to-die,chatgpt_automation_scan_v1,2026-03-03T00:44:32+00:00,scanned_full_text,0,file_read_and_hashed
post_0099,2023-10-21,hello-multimodal-hallucinations,chatgpt_automation_scan_v1,2026-03-03T00:44:32+00:00,scanned_full_text,0,file_read_and_hashed
post_0100,2023-10-23,getting-gpt-to-work-with-external,chatgpt_automation_scan_v1,2026-03-03T00:44:32+00:00,scanned_full_text,5,file_read_and_hashed
post_0101,2023-10-26,a-cern-for-ai-and-the-global-governance,chatgpt_automation_scan_v1,2026-03-03T00:44:32+00:00,scanned_full_text,10,file_read_and_hashed
post_0102,2023-10-27,why-driverless-cars-mightor-might,chatgpt_automation_scan_v1,2026-03-03T00:44:32+00:00,scanned_full_text,4,file_read_and_hashed
post_0103,2023-10-30,first-take-on-the-white-house-executive,chatgpt_automation_scan_v1,2026-03-03T00:44:32+00:00,scanned_full_text,2,file_read_and_hashed
post_0104,2023-11-01,the-uk-ai-summit,chatgpt_automation_scan_v1,2026-03-03T00:44:32+00:00,scanned_full_text,0,file_read_and_hashed
post_0105,2023-11-03,where-we-are-right-now-on-open-source,chatgpt_automation_scan_v1,2026-03-03T00:44:32+00:00,scanned_full_text,1,file_read_and_hashed
post_0106,2023-11-05,could-cruise-be-the-theranos-of-ai,chatgpt_automation_scan_v1,2026-03-03T00:44:32+00:00,scanned_full_text,0,file_read_and_hashed
post_0107,2023-11-05,rethinking-driverless-cars,chatgpt_automation_scan_v1,2026-03-03T00:44:32+00:00,scanned_full_text,4,file_read_and_hashed
post_0108,2023-11-10,crisis-point-in-ai,chatgpt_automation_scan_v1,2026-03-03T00:44:32+00:00,scanned_full_text,0,file_read_and_hashed
post_0109,2023-11-17,has-sam-altman-gone-full-gary-marcus,chatgpt_automation_scan_v1,2026-03-03T00:44:32+00:00,scanned_full_text,3,file_read_and_hashed
post_0110,2023-11-17,sam-altman-appears-to-have-been-pushed,chatgpt_automation_scan_v1,2026-03-03T00:44:32+00:00,scanned_full_text,0,file_read_and_hashed
post_0111,2023-11-18,the-biggest-immediate-lesson-from,chatgpt_automation_scan_v1,2026-03-03T00:44:32+00:00,scanned_full_text,1,file_read_and_hashed
post_0112,2023-11-18,what-went-down-at-openai-a-theory,chatgpt_automation_scan_v1,2026-03-03T00:44:32+00:00,scanned_full_text,0,file_read_and_hashed
post_0113,2023-11-19,as-the-openai-world-turns-4-vital,chatgpt_automation_scan_v1,2026-03-03T00:44:32+00:00,scanned_full_text,1,file_read_and_hashed
post_0114,2023-11-19,firing-sam-and-then-trying-to-bring,chatgpt_automation_scan_v1,2026-03-03T00:44:32+00:00,scanned_full_text,0,file_read_and_hashed
post_0115,2023-11-19,no-one-person-should-be-trusted-here,chatgpt_automation_scan_v1,2026-03-03T00:44:32+00:00,scanned_full_text,0,file_read_and_hashed
post_0116,2023-11-20,everybodys-out-a65,chatgpt_automation_scan_v1,2026-03-03T00:44:32+00:00,scanned_full_text,0,file_read_and_hashed
post_0117,2023-11-20,im-not-making-this-up,chatgpt_automation_scan_v1,2026-03-03T00:44:32+00:00,scanned_full_text,0,file_read_and_hashed
post_0118,2023-11-20,open-letter-to-all-eu-leaders,chatgpt_automation_scan_v1,2026-03-03T00:44:32+00:00,scanned_full_text,1,file_read_and_hashed
post_0119,2023-11-22,a-tale-of-two-liars,chatgpt_automation_scan_v1,2026-03-03T00:44:32+00:00,scanned_full_text,0,file_read_and_hashed
post_0120,2023-11-22,massive-scoop,chatgpt_automation_scan_v1,2026-03-03T00:44:32+00:00,scanned_full_text,0,file_read_and_hashed
post_0121,2023-11-22,openai-is-back-in-business,chatgpt_automation_scan_v1,2026-03-03T00:44:32+00:00,scanned_full_text,0,file_read_and_hashed
post_0122,2023-11-25,ai-versus-the-clumsy-human-mind,chatgpt_automation_scan_v1,2026-03-03T00:44:32+00:00,scanned_full_text,2,file_read_and_hashed
post_0123,2023-11-26,about-that-openai-breakthrough,chatgpt_automation_scan_v1,2026-03-03T00:44:32+00:00,scanned_full_text,1,file_read_and_hashed
post_0124,2023-11-26,top-5-reasons-why-openai-was-probably,chatgpt_automation_scan_v1,2026-03-03T00:44:32+00:00,scanned_full_text,4,file_read_and_hashed
post_0125,2023-11-27,hinton-vs-lecun-vs-ng-vs-tegmark,chatgpt_automation_scan_v1,2026-03-03T00:44:32+00:00,scanned_full_text,1,file_read_and_hashed
post_0126,2023-11-28,critical-national-security-questions,chatgpt_automation_scan_v1,2026-03-03T00:44:32+00:00,scanned_full_text,0,file_read_and_hashed
post_0127,2023-11-28,give-me-compromise-or-give-me-chaos,chatgpt_automation_scan_v1,2026-03-03T00:44:32+00:00,scanned_full_text,5,file_read_and_hashed
post_0128,2023-12-06,hot-take-on-googles-gemini-and-gpt,chatgpt_automation_scan_v1,2026-03-03T00:44:32+00:00,scanned_full_text,0,file_read_and_hashed
post_0129,2023-12-07,not-consistently-candid,chatgpt_automation_scan_v1,2026-03-03T00:44:32+00:00,scanned_full_text,2,file_read_and_hashed
post_0130,2023-12-07,the-truth-about-googles-amazing-new,chatgpt_automation_scan_v1,2026-03-03T00:44:32+00:00,scanned_full_text,0,file_read_and_hashed
post_0131,2023-12-08,we-interrupt-this-programming,chatgpt_automation_scan_v1,2026-03-03T00:44:32+00:00,scanned_full_text,0,file_read_and_hashed
post_0132,2023-12-09,it-was-always-about-trust,chatgpt_automation_scan_v1,2026-03-03T00:44:32+00:00,scanned_full_text,0,file_read_and_hashed
post_0133,2023-12-09,nope-the-turing-test-has-not-been,chatgpt_automation_scan_v1,2026-03-03T00:44:32+00:00,scanned_full_text,0,file_read_and_hashed
post_0134,2023-12-12,metas-chief-ai-officer-is-lying-about,chatgpt_automation_scan_v1,2026-03-03T00:44:32+00:00,scanned_full_text,0,file_read_and_hashed
post_0135,2023-12-19,sorry-but-funsearch-probably-isnt,chatgpt_automation_scan_v1,2026-03-03T00:44:32+00:00,scanned_full_text,0,file_read_and_hashed
post_0136,2023-12-21,are-social-media-and-coordinated,chatgpt_automation_scan_v1,2026-03-03T00:44:32+00:00,scanned_full_text,2,file_read_and_hashed
post_0137,2023-12-23,an-artist-fights-back-and-midjourney,chatgpt_automation_scan_v1,2026-03-03T00:44:32+00:00,scanned_full_text,0,file_read_and_hashed
post_0138,2023-12-29,things-are-about-to-get-a-lot-worse,chatgpt_automation_scan_v1,2026-03-03T00:44:32+00:00,scanned_full_text,1,file_read_and_hashed
post_0139,2024-01-06,the-potential-genai-copyright-infringement,chatgpt_automation_scan_v1,2026-03-03T00:44:32+00:00,scanned_full_text,0,file_read_and_hashed
post_0140,2024-01-08,the-desperate-race-to-save-generative,chatgpt_automation_scan_v1,2026-03-03T00:44:32+00:00,scanned_full_text,5,file_read_and_hashed
post_0141,2024-01-10,could-openais-nonprofit-be-forced,chatgpt_automation_scan_v1,2026-03-03T00:44:32+00:00,scanned_full_text,1,file_read_and_hashed
post_0142,2024-01-10,dall-es-new-guardrails-fast-furious,chatgpt_automation_scan_v1,2026-03-03T00:44:32+00:00,scanned_full_text,0,file_read_and_hashed
post_0143,2024-01-24,no-multimodal-chatgpt-is-not-going,chatgpt_automation_scan_v1,2026-03-03T00:44:32+00:00,scanned_full_text,5,file_read_and_hashed
post_0144,2024-01-25,wheres-waldo-the-elephant-in-the,chatgpt_automation_scan_v1,2026-03-03T00:44:32+00:00,scanned_full_text,0,file_read_and_hashed
post_0145,2024-01-27,openais-got-99-problems-and-twitch,chatgpt_automation_scan_v1,2026-03-03T00:44:32+00:00,scanned_full_text,7,file_read_and_hashed
post_0146,2024-01-29,one-genai-image-ten-errors,chatgpt_automation_scan_v1,2026-03-03T00:44:32+00:00,scanned_full_text,0,file_read_and_hashed
post_0147,2024-02-01,google-bard-fast-gorgeous-and-out,chatgpt_automation_scan_v1,2026-03-03T00:44:32+00:00,scanned_full_text,0,file_read_and_hashed
post_0148,2024-02-04,deepfaked-shit-is-getting-real,chatgpt_automation_scan_v1,2026-03-03T00:44:32+00:00,scanned_full_text,0,file_read_and_hashed
post_0149,2024-02-04,when-looked-at-carefully-openais,chatgpt_automation_scan_v1,2026-03-03T00:44:32+00:00,scanned_full_text,5,file_read_and_hashed
post_0150,2024-02-06,deconstructing-geoffrey-hintons-weakest,chatgpt_automation_scan_v1,2026-03-03T00:44:32+00:00,scanned_full_text,5,file_read_and_hashed
post_0151,2024-02-07,could-gpt-5-revolutionize-military,chatgpt_automation_scan_v1,2026-03-03T00:44:32+00:00,scanned_full_text,1,file_read_and_hashed
post_0152,2024-02-08,further-trouble-in-hinton-city,chatgpt_automation_scan_v1,2026-03-03T00:44:32+00:00,scanned_full_text,1,file_read_and_hashed
post_0153,2024-02-08,there-must-be-some-misunderstanding,chatgpt_automation_scan_v1,2026-03-03T00:44:32+00:00,scanned_full_text,1,file_read_and_hashed
post_0154,2024-02-10,what-could-possibly-go-wrong-with,chatgpt_automation_scan_v1,2026-03-03T00:44:32+00:00,scanned_full_text,5,file_read_and_hashed
post_0155,2024-02-11,seven-reasons-why-the-world-should,chatgpt_automation_scan_v1,2026-03-03T00:44:32+00:00,scanned_full_text,4,file_read_and_hashed
post_0156,2024-02-12,ai-risk-agi-risk,chatgpt_automation_scan_v1,2026-03-03T00:44:32+00:00,scanned_full_text,5,file_read_and_hashed
post_0157,2024-02-12,an-open-letter-to-sam-altman,chatgpt_automation_scan_v1,2026-03-03T00:44:32+00:00,scanned_full_text,0,file_read_and_hashed
post_0158,2024-02-13,horse-rides-astronaut-redux,chatgpt_automation_scan_v1,2026-03-03T00:44:32+00:00,scanned_full_text,2,file_read_and_hashed
post_0159,2024-02-13,statistics-versus-understanding-the,chatgpt_automation_scan_v1,2026-03-03T00:44:32+00:00,scanned_full_text,3,file_read_and_hashed
post_0160,2024-02-15,the-hottest-new-programming-language,chatgpt_automation_scan_v1,2026-03-03T00:44:32+00:00,scanned_full_text,0,file_read_and_hashed
post_0161,2024-02-17,death-of-a-chatbot-body-blow-to-an,chatgpt_automation_scan_v1,2026-03-03T00:44:32+00:00,scanned_full_text,0,file_read_and_hashed
post_0162,2024-02-18,absolutely-amazing-ant-video-augurs,chatgpt_automation_scan_v1,2026-03-03T00:44:32+00:00,scanned_full_text,0,file_read_and_hashed
post_0163,2024-02-18,sora-cant-handle-the-truth,chatgpt_automation_scan_v1,2026-03-03T00:44:32+00:00,scanned_full_text,1,file_read_and_hashed
post_0164,2024-02-18,soras-surreal-physics,chatgpt_automation_scan_v1,2026-03-03T00:44:32+00:00,scanned_full_text,3,file_read_and_hashed
post_0165,2024-02-21,chatgpt-has-gone-berserk,chatgpt_automation_scan_v1,2026-03-03T00:44:32+00:00,scanned_full_text,1,file_read_and_hashed
post_0166,2024-02-21,has-google-gone-too-woke-why-even,chatgpt_automation_scan_v1,2026-03-03T00:44:32+00:00,scanned_full_text,1,file_read_and_hashed
post_0167,2024-02-22,belief-in-magic-may-be-declining,chatgpt_automation_scan_v1,2026-03-03T00:44:32+00:00,scanned_full_text,1,file_read_and_hashed
post_0168,2024-02-24,no-rag-is-probably-not-going-to-rescue,chatgpt_automation_scan_v1,2026-03-03T00:44:32+00:00,scanned_full_text,4,file_read_and_hashed
post_0169,2024-02-29,serious-medical-error-from-perplexitys,chatgpt_automation_scan_v1,2026-03-03T00:44:32+00:00,scanned_full_text,0,file_read_and_hashed
post_0170,2024-02-29,the-last-two-weeks-at-openai,chatgpt_automation_scan_v1,2026-03-03T00:44:32+00:00,scanned_full_text,0,file_read_and_hashed
post_0171,2024-03-01,elon-musk-sues-openai,chatgpt_automation_scan_v1,2026-03-03T00:44:32+00:00,scanned_full_text,1,file_read_and_hashed
post_0172,2024-03-02,no-sora-has-not-learned-physics,chatgpt_automation_scan_v1,2026-03-03T00:44:32+00:00,scanned_full_text,0,file_read_and_hashed
post_0173,2024-03-03,the-irony-and-the-agony-of-elon-musks,chatgpt_automation_scan_v1,2026-03-03T00:44:32+00:00,scanned_full_text,2,file_read_and_hashed
post_0174,2024-03-05,covert-racism-in-llms,chatgpt_automation_scan_v1,2026-03-03T00:44:32+00:00,scanned_full_text,1,file_read_and_hashed
post_0175,2024-03-06,openais-own-goal,chatgpt_automation_scan_v1,2026-03-03T00:44:32+00:00,scanned_full_text,2,file_read_and_hashed
post_0176,2024-03-10,two-years-later-deep-learning-is,chatgpt_automation_scan_v1,2026-03-03T00:44:32+00:00,scanned_full_text,4,file_read_and_hashed
post_0177,2024-03-12,the-roi-on-genai-might-not-be-so,chatgpt_automation_scan_v1,2026-03-03T00:44:32+00:00,scanned_full_text,0,file_read_and_hashed
post_0178,2024-03-14,the-year-of-the-big-balled-rat,chatgpt_automation_scan_v1,2026-03-03T00:44:32+00:00,scanned_full_text,1,file_read_and_hashed
post_0179,2024-03-15,openais-lies-and-half-truths,chatgpt_automation_scan_v1,2026-03-03T00:44:32+00:00,scanned_full_text,2,file_read_and_hashed
post_0180,2024-03-15,the-exponential-enshittification,chatgpt_automation_scan_v1,2026-03-03T00:44:32+00:00,scanned_full_text,2,file_read_and_hashed
post_0181,2024-03-16,happy-1st-birthday-gpt-4,chatgpt_automation_scan_v1,2026-03-03T00:44:32+00:00,scanned_full_text,0,file_read_and_hashed
post_0182,2024-03-29,the-race-between-positive-and-negative,chatgpt_automation_scan_v1,2026-03-03T00:44:32+00:00,scanned_full_text,0,file_read_and_hashed
post_0183,2024-03-30,the-second-worst-100b-investment,chatgpt_automation_scan_v1,2026-03-03T00:44:32+00:00,scanned_full_text,2,file_read_and_hashed
post_0184,2024-03-31,when-will-the-genai-bubble-burst,chatgpt_automation_scan_v1,2026-03-03T00:44:32+00:00,scanned_full_text,6,file_read_and_hashed
post_0185,2024-04-01,sneak-preview-of-gpt-5,chatgpt_automation_scan_v1,2026-03-03T00:44:32+00:00,scanned_full_text,0,file_read_and_hashed
post_0186,2024-04-03,an-unending-array-of-jailbreaking,chatgpt_automation_scan_v1,2026-03-03T00:44:32+00:00,scanned_full_text,1,file_read_and_hashed
post_0187,2024-04-06,information-pollution-reaches-new,chatgpt_automation_scan_v1,2026-03-03T00:44:32+00:00,scanned_full_text,4,file_read_and_hashed
post_0188,2024-04-08,breaking-news-scaling-will-never,chatgpt_automation_scan_v1,2026-03-03T00:44:32+00:00,scanned_full_text,1,file_read_and_hashed
post_0189,2024-04-08,corrected-link-re-new-paper-on-scaling,chatgpt_automation_scan_v1,2026-03-03T00:44:32+00:00,scanned_full_text,0,file_read_and_hashed
post_0190,2024-04-08,generative-ai-as-shakespearean-tragedy,chatgpt_automation_scan_v1,2026-03-03T00:44:32+00:00,scanned_full_text,1,file_read_and_hashed
post_0191,2024-04-09,10-million-says-we-wont-see-human,chatgpt_automation_scan_v1,2026-03-03T00:44:32+00:00,scanned_full_text,1,file_read_and_hashed
post_0192,2024-04-09,24-hours-in-ai-news,chatgpt_automation_scan_v1,2026-03-03T00:44:32+00:00,scanned_full_text,2,file_read_and_hashed
post_0193,2024-04-13,evidence-that-llms-are-reaching-a,chatgpt_automation_scan_v1,2026-03-03T00:44:32+00:00,scanned_full_text,5,file_read_and_hashed
post_0194,2024-04-14,llms-arent-very-bright-why-are-so,chatgpt_automation_scan_v1,2026-03-03T00:44:32+00:00,scanned_full_text,0,file_read_and_hashed
post_0195,2024-04-14,superhuman-agi-is-not-nigh,chatgpt_automation_scan_v1,2026-03-03T00:44:32+00:00,scanned_full_text,2,file_read_and_hashed
post_0196,2024-04-15,ted-ai-and-the-test-of-time,chatgpt_automation_scan_v1,2026-03-03T00:44:32+00:00,scanned_full_text,1,file_read_and_hashed
post_0197,2024-04-17,technoptimism-ted-and-the-road-to,chatgpt_automation_scan_v1,2026-03-03T00:44:32+00:00,scanned_full_text,5,file_read_and_hashed
post_0198,2024-04-19,daniel-dennett-1942-2024,chatgpt_automation_scan_v1,2026-03-03T00:44:32+00:00,scanned_full_text,0,file_read_and_hashed
post_0199,2024-04-20,groupthink-versus-tulips-what-will,chatgpt_automation_scan_v1,2026-03-03T00:44:32+00:00,scanned_full_text,1,file_read_and_hashed
post_0200,2024-04-21,facing-facts,chatgpt_automation_scan_v1,2026-03-03T00:44:32+00:00,scanned_full_text,1,file_read_and_hashed
post_0201,2024-04-21,humans-versus-machines-the-hallucination,chatgpt_automation_scan_v1,2026-03-03T00:44:32+00:00,scanned_full_text,5,file_read_and_hashed
post_0202,2024-04-27,we-cant-trust-the-fox-to-guard-the,chatgpt_automation_scan_v1,2026-03-03T00:44:32+00:00,scanned_full_text,0,file_read_and_hashed
post_0203,2024-05-04,an-epistemic-clusterfuck-in-the-making,chatgpt_automation_scan_v1,2026-03-03T00:44:32+00:00,scanned_full_text,1,file_read_and_hashed
post_0204,2024-05-05,the-sam-altman-playbook,chatgpt_automation_scan_v1,2026-03-03T00:44:32+00:00,scanned_full_text,6,file_read_and_hashed
post_0205,2024-05-06,microsoft-and-openais-increasingly,chatgpt_automation_scan_v1,2026-03-03T00:44:32+00:00,scanned_full_text,0,file_read_and_hashed
post_0206,2024-05-13,hot-take-on-openais-new-gpt-4o,chatgpt_automation_scan_v1,2026-03-03T00:44:32+00:00,scanned_full_text,1,file_read_and_hashed
post_0207,2024-05-15,chaos-and-tension-at-openai,chatgpt_automation_scan_v1,2026-03-03T00:44:32+00:00,scanned_full_text,2,file_read_and_hashed
post_0208,2024-05-17,jane-goodall-ai-skeptic,chatgpt_automation_scan_v1,2026-03-03T00:44:32+00:00,scanned_full_text,1,file_read_and_hashed
post_0209,2024-05-21,ai-has-become-saurons-ring,chatgpt_automation_scan_v1,2026-03-03T00:44:32+00:00,scanned_full_text,0,file_read_and_hashed
post_0210,2024-05-21,the-openai-board-was-right,chatgpt_automation_scan_v1,2026-03-03T00:44:32+00:00,scanned_full_text,0,file_read_and_hashed
post_0211,2024-05-22,sam-altmans-fall-from-grace,chatgpt_automation_scan_v1,2026-03-03T00:44:32+00:00,scanned_full_text,0,file_read_and_hashed
post_0212,2024-05-23,partial-regurgitation-and-how-llms,chatgpt_automation_scan_v1,2026-03-03T00:44:32+00:00,scanned_full_text,1,file_read_and_hashed
post_0213,2024-05-23,scarjo-is-just-the-tip-of-the-iceberg,chatgpt_automation_scan_v1,2026-03-03T00:44:32+00:00,scanned_full_text,1,file_read_and_hashed
post_0214,2024-05-26,what-should-we-learn-from-openais,chatgpt_automation_scan_v1,2026-03-03T00:44:32+00:00,scanned_full_text,2,file_read_and_hashed
post_0215,2024-05-28,sam-altman-then-and-now,chatgpt_automation_scan_v1,2026-03-03T00:44:32+00:00,scanned_full_text,0,file_read_and_hashed
post_0216,2024-05-29,elon-musk-1-yann-lecun-1-humanity,chatgpt_automation_scan_v1,2026-03-03T00:44:32+00:00,scanned_full_text,1,file_read_and_hashed
post_0217,2024-05-29,kara-swisher-sam-altman-and-the-openai,chatgpt_automation_scan_v1,2026-03-03T00:44:32+00:00,scanned_full_text,1,file_read_and_hashed
post_0218,2024-05-30,disturbing-and-misleading-efforts,chatgpt_automation_scan_v1,2026-03-03T00:44:32+00:00,scanned_full_text,4,file_read_and_hashed
post_0219,2024-06-01,26-months-of-ridicule-and-failure,chatgpt_automation_scan_v1,2026-03-03T00:44:32+00:00,scanned_full_text,1,file_read_and_hashed
post_0220,2024-06-04,ai-as-reality-television,chatgpt_automation_scan_v1,2026-03-03T00:44:32+00:00,scanned_full_text,1,file_read_and_hashed
post_0221,2024-06-04,open-letter-responding-to-yann-lecun,chatgpt_automation_scan_v1,2026-03-03T00:44:32+00:00,scanned_full_text,4,file_read_and_hashed
post_0222,2024-06-04,openai-insiders-warn-of-a-reckless,chatgpt_automation_scan_v1,2026-03-03T00:44:32+00:00,scanned_full_text,0,file_read_and_hashed
post_0223,2024-06-05,agi-by-2027,chatgpt_automation_scan_v1,2026-03-03T00:44:32+00:00,scanned_full_text,1,file_read_and_hashed
post_0224,2024-06-05,first-sign-of-genai-winter,chatgpt_automation_scan_v1,2026-03-03T00:44:32+00:00,scanned_full_text,0,file_read_and_hashed
post_0225,2024-06-07,the-misguided-backlash-against-californias,chatgpt_automation_scan_v1,2026-03-03T00:44:32+00:00,scanned_full_text,11,file_read_and_hashed
post_0226,2024-06-21,gpt-5-now-arriving-gate-8-gate-9,chatgpt_automation_scan_v1,2026-03-03T00:44:32+00:00,scanned_full_text,0,file_read_and_hashed
post_0227,2024-06-22,clarification-from-ray-kurzweil,chatgpt_automation_scan_v1,2026-03-03T00:44:32+00:00,scanned_full_text,1,file_read_and_hashed
post_0228,2024-06-22,the-great-ai-retrenchment-has-begun,chatgpt_automation_scan_v1,2026-03-03T00:44:32+00:00,scanned_full_text,2,file_read_and_hashed
post_0229,2024-06-28,the-need-for-a-president-that-speaks,chatgpt_automation_scan_v1,2026-03-03T00:44:32+00:00,scanned_full_text,3,file_read_and_hashed
post_0230,2024-06-30,marcus-goes-gaga-over-gates-clip,chatgpt_automation_scan_v1,2026-03-03T00:44:32+00:00,scanned_full_text,3,file_read_and_hashed
post_0231,2024-07-19,dont-look-up-the-massive-microsoftcrowdstrike,chatgpt_automation_scan_v1,2026-03-03T00:44:32+00:00,scanned_full_text,2,file_read_and_hashed
post_0232,2024-07-24,why-openai-may-well-be-completely,chatgpt_automation_scan_v1,2026-03-03T00:44:32+00:00,scanned_full_text,1,file_read_and_hashed
post_0233,2024-07-28,alphaproof-alphageometry-chatgpt,chatgpt_automation_scan_v1,2026-03-03T00:44:32+00:00,scanned_full_text,11,file_read_and_hashed
post_0234,2024-07-29,most-people-dont-think-genai-has,chatgpt_automation_scan_v1,2026-03-03T00:44:32+00:00,scanned_full_text,0,file_read_and_hashed
post_0235,2024-07-31,five-signs-that-the-genai-honeymoon,chatgpt_automation_scan_v1,2026-03-03T00:44:32+00:00,scanned_full_text,0,file_read_and_hashed
post_0236,2024-08-01,this-one-important-fact-about-current,chatgpt_automation_scan_v1,2026-03-03T00:44:32+00:00,scanned_full_text,7,file_read_and_hashed
post_0237,2024-08-03,why-the-collapse-of-the-generative,chatgpt_automation_scan_v1,2026-03-03T00:44:32+00:00,scanned_full_text,5,file_read_and_hashed
post_0238,2024-08-05,august-5-2024-a-big-day-in-tech,chatgpt_automation_scan_v1,2026-03-03T00:44:32+00:00,scanned_full_text,3,file_read_and_hashed
post_0239,2024-08-06,the-openai-plot-thickens,chatgpt_automation_scan_v1,2026-03-03T00:44:32+00:00,scanned_full_text,1,file_read_and_hashed
post_0240,2024-08-07,openai-on-a-path-to-becoming-the,chatgpt_automation_scan_v1,2026-03-03T00:44:32+00:00,scanned_full_text,0,file_read_and_hashed
post_0241,2024-08-10,an-open-letter-to-fei-fei-li-concerning,chatgpt_automation_scan_v1,2026-03-03T00:44:32+00:00,scanned_full_text,4,file_read_and_hashed
post_0242,2024-08-18,what-has-and-has-not-changed-in-the,chatgpt_automation_scan_v1,2026-03-03T00:44:32+00:00,scanned_full_text,1,file_read_and_hashed
post_0243,2024-08-20,why-californias-ai-safety-bill-should,chatgpt_automation_scan_v1,2026-03-03T00:44:32+00:00,scanned_full_text,8,file_read_and_hashed
post_0244,2024-08-23,scoop-what-former-employees-of-openai,chatgpt_automation_scan_v1,2026-03-03T00:44:32+00:00,scanned_full_text,5,file_read_and_hashed
post_0245,2024-09-10,what-will-the-candidates-say-about,chatgpt_automation_scan_v1,2026-03-03T00:44:32+00:00,scanned_full_text,5,file_read_and_hashed
post_0246,2024-09-12,gary-marcus-vs-sam-altman-on-gpt,chatgpt_automation_scan_v1,2026-03-03T00:44:32+00:00,scanned_full_text,1,file_read_and_hashed
post_0247,2024-09-25,openais-slow-motion-train-wreck,chatgpt_automation_scan_v1,2026-03-03T00:44:32+00:00,scanned_full_text,0,file_read_and_hashed
post_0248,2024-09-28,five-reasons-why-openais-150b-financing,chatgpt_automation_scan_v1,2026-03-03T00:44:32+00:00,scanned_full_text,1,file_read_and_hashed
post_0249,2024-09-30,how-much-should-openais-abandoned,chatgpt_automation_scan_v1,2026-03-03T00:44:32+00:00,scanned_full_text,0,file_read_and_hashed
post_0250,2024-10-01,sorry-genai-is-not-going-to-10x-computer,chatgpt_automation_scan_v1,2026-03-03T00:44:32+00:00,scanned_full_text,0,file_read_and_hashed
post_0251,2024-10-05,eric-schmidts-risky-bet-on-ai-and,chatgpt_automation_scan_v1,2026-03-03T00:44:32+00:00,scanned_full_text,10,file_read_and_hashed
post_0252,2024-10-10,two-nobel-prizes-for-ai-and-two-paths,chatgpt_automation_scan_v1,2026-03-03T00:44:32+00:00,scanned_full_text,0,file_read_and_hashed
post_0253,2024-10-11,llms-dont-do-formal-reasoning-and,chatgpt_automation_scan_v1,2026-03-03T00:44:32+00:00,scanned_full_text,3,file_read_and_hashed
post_0254,2024-10-17,when-it-comes-to-security-llms-are,chatgpt_automation_scan_v1,2026-03-03T00:44:32+00:00,scanned_full_text,1,file_read_and_hashed
post_0255,2024-10-20,is-openai-more-like-wework-or-theranos,chatgpt_automation_scan_v1,2026-03-03T00:44:32+00:00,scanned_full_text,1,file_read_and_hashed
post_0256,2024-10-24,end-of-an-era-openais-agi-readiness,chatgpt_automation_scan_v1,2026-03-03T00:44:32+00:00,scanned_full_text,13,file_read_and_hashed
post_0257,2024-10-30,an-epidemic-of-weirdly-precise-ai,chatgpt_automation_scan_v1,2026-03-03T00:44:32+00:00,scanned_full_text,3,file_read_and_hashed
post_0258,2024-10-31,ai-influencer-hype-gone-wild,chatgpt_automation_scan_v1,2026-03-03T00:44:32+00:00,scanned_full_text,0,file_read_and_hashed
post_0259,2024-11-03,8-signs-that-donald-trump-has-a-progressive,chatgpt_automation_scan_v1,2026-03-03T00:44:32+00:00,scanned_full_text,0,file_read_and_hashed
post_0260,2024-11-09,confirmed-llms-have-indeed-reached,chatgpt_automation_scan_v1,2026-03-03T00:44:32+00:00,scanned_full_text,8,file_read_and_hashed
post_0261,2024-11-10,an-ai-rumor-you-wont-want-to-miss,chatgpt_automation_scan_v1,2026-03-03T00:44:32+00:00,scanned_full_text,2,file_read_and_hashed
post_0262,2024-11-19,on-hype-and-the-unbearable-banality,chatgpt_automation_scan_v1,2026-03-03T00:44:32+00:00,scanned_full_text,1,file_read_and_hashed
post_0263,2024-11-23,satya-nadella-and-the-three-stages,chatgpt_automation_scan_v1,2026-03-03T00:44:32+00:00,scanned_full_text,1,file_read_and_hashed
post_0264,2024-11-24,a-new-ai-scaling-law-shell-game,chatgpt_automation_scan_v1,2026-03-03T00:44:32+00:00,scanned_full_text,3,file_read_and_hashed
post_0265,2024-11-26,psa-microsoft-may-be-training-on,chatgpt_automation_scan_v1,2026-03-03T00:44:32+00:00,scanned_full_text,0,file_read_and_hashed
post_0266,2024-11-27,cognitive-scientist-gary-marcus-says,chatgpt_automation_scan_v1,2026-03-03T00:44:32+00:00,scanned_full_text,0,file_read_and_hashed
post_0267,2024-11-27,update-re-microsoft-and-training,chatgpt_automation_scan_v1,2026-03-03T00:44:32+00:00,scanned_full_text,1,file_read_and_hashed
post_0268,2024-11-28,chatgpt-at-age-two,chatgpt_automation_scan_v1,2026-03-03T00:44:32+00:00,scanned_full_text,4,file_read_and_hashed
post_0269,2024-12-05,two-visions-of-ais-future,chatgpt_automation_scan_v1,2026-03-03T00:44:32+00:00,scanned_full_text,2,file_read_and_hashed
post_0270,2024-12-05,which-ceo-will-be-the-last-to-see,chatgpt_automation_scan_v1,2026-03-03T00:44:32+00:00,scanned_full_text,1,file_read_and_hashed
post_0271,2024-12-08,hard-forked-casey-newtons-distorted,chatgpt_automation_scan_v1,2026-03-03T00:44:32+00:00,scanned_full_text,14,file_read_and_hashed
post_0272,2024-12-09,dont-ride-this-bike-generative-ais,chatgpt_automation_scan_v1,2026-03-03T00:44:32+00:00,scanned_full_text,2,file_read_and_hashed
post_0273,2024-12-10,sora-still-appears-to-have-trouble,chatgpt_automation_scan_v1,2026-03-03T00:44:32+00:00,scanned_full_text,0,file_read_and_hashed
post_0274,2024-12-11,casey-newton-strikes-out,chatgpt_automation_scan_v1,2026-03-03T00:44:32+00:00,scanned_full_text,4,file_read_and_hashed
post_0275,2024-12-12,humanitys-oh-shit-ai-moment,chatgpt_automation_scan_v1,2026-03-03T00:44:32+00:00,scanned_full_text,1,file_read_and_hashed
post_0276,2024-12-14,generative-ais-continuing-copyright,chatgpt_automation_scan_v1,2026-03-03T00:44:32+00:00,scanned_full_text,0,file_read_and_hashed
post_0277,2024-12-21,o3-agi-the-art-of-the-demo-and-what,chatgpt_automation_scan_v1,2026-03-03T00:44:32+00:00,scanned_full_text,4,file_read_and_hashed
post_0278,2024-12-22,c39,chatgpt_automation_scan_v1,2026-03-03T00:44:32+00:00,scanned_full_text,4,file_read_and_hashed
post_0279,2024-12-31,where-will-ai-be-at-the-end-of-2027,chatgpt_automation_scan_v1,2026-03-03T00:44:32+00:00,scanned_full_text,3,file_read_and_hashed
post_0280,2025-01-01,25-ai-predictions-for-2025-from-marcus,chatgpt_automation_scan_v1,2026-03-03T00:44:32+00:00,scanned_full_text,17,file_read_and_hashed
post_0281,2025-01-03,could-2025-see-the-largest-cyberattack,chatgpt_automation_scan_v1,2026-03-03T00:44:32+00:00,scanned_full_text,0,file_read_and_hashed
post_0282,2025-01-05,ai-still-lacks-common-sense-70-years,chatgpt_automation_scan_v1,2026-03-03T00:44:32+00:00,scanned_full_text,5,file_read_and_hashed
post_0283,2025-01-07,sam-altman-thinks-that-agi-is-basically,chatgpt_automation_scan_v1,2026-03-03T00:44:32+00:00,scanned_full_text,2,file_read_and_hashed
post_0284,2025-01-08,the-five-stages-of-agi-grief,chatgpt_automation_scan_v1,2026-03-03T00:44:32+00:00,scanned_full_text,1,file_read_and_hashed
post_0285,2025-01-09,agi-isnt-coming-in-2025-and-gpt-5,chatgpt_automation_scan_v1,2026-03-03T00:44:32+00:00,scanned_full_text,6,file_read_and_hashed
post_0286,2025-01-10,the-impeccable-logic-of-sam-altman,chatgpt_automation_scan_v1,2026-03-03T00:44:32+00:00,scanned_full_text,0,file_read_and_hashed
post_0287,2025-01-14,agi-versus-broad-shallow-intelligence,chatgpt_automation_scan_v1,2026-03-03T00:44:32+00:00,scanned_full_text,10,file_read_and_hashed
post_0288,2025-01-15,ai-agents-hype-versus-reality-redux,chatgpt_automation_scan_v1,2026-03-03T00:44:32+00:00,scanned_full_text,2,file_read_and_hashed
post_0289,2025-01-16,llms-amplify-existing-security-risks,chatgpt_automation_scan_v1,2026-03-03T00:44:32+00:00,scanned_full_text,1,file_read_and_hashed
post_0290,2025-01-20,breaking-news-agi-is-not-imminent,chatgpt_automation_scan_v1,2026-03-03T00:44:32+00:00,scanned_full_text,1,file_read_and_hashed
post_0291,2025-01-21,the-2023-white-house-executive-order,chatgpt_automation_scan_v1,2026-03-03T00:44:32+00:00,scanned_full_text,0,file_read_and_hashed
post_0292,2025-01-22,hot-take-on-an-ai-catfight,chatgpt_automation_scan_v1,2026-03-03T00:44:32+00:00,scanned_full_text,2,file_read_and_hashed
post_0293,2025-01-26,the-race-for-ai-supremacy-is-over,chatgpt_automation_scan_v1,2026-03-03T00:44:32+00:00,scanned_full_text,9,file_read_and_hashed
post_0294,2025-01-27,nvidia-could-soon-take-a-serious,chatgpt_automation_scan_v1,2026-03-03T00:44:32+00:00,scanned_full_text,0,file_read_and_hashed
post_0295,2025-01-28,five-things-most-people-dont-seem,chatgpt_automation_scan_v1,2026-03-03T00:44:32+00:00,scanned_full_text,0,file_read_and_hashed
post_0296,2025-01-29,my-conversation-with-chinas-victor,chatgpt_automation_scan_v1,2026-03-03T00:44:32+00:00,scanned_full_text,1,file_read_and_hashed
post_0297,2025-01-29,openai-cries-foul,chatgpt_automation_scan_v1,2026-03-03T00:44:32+00:00,scanned_full_text,0,file_read_and_hashed
post_0298,2025-02-03,deep-research-deep-bullshit-and-the,chatgpt_automation_scan_v1,2026-03-03T00:44:32+00:00,scanned_full_text,0,file_read_and_hashed
post_0299,2025-02-03,how-come-gpt-can-seem-so-brilliant,chatgpt_automation_scan_v1,2026-03-03T00:44:32+00:00,scanned_full_text,2,file_read_and_hashed
post_0300,2025-02-04,chatgpt-in-shambles,chatgpt_automation_scan_v1,2026-03-03T00:44:32+00:00,scanned_full_text,0,file_read_and_hashed
post_0301,2025-02-05,google-2001-dont-be-evil,chatgpt_automation_scan_v1,2026-03-03T00:44:32+00:00,scanned_full_text,2,file_read_and_hashed
post_0302,2025-02-06,irony-too-funny-for-words,chatgpt_automation_scan_v1,2026-03-03T00:44:32+00:00,scanned_full_text,1,file_read_and_hashed
post_0303,2025-02-09,five-ways-in-which-the-last-3-months,chatgpt_automation_scan_v1,2026-03-03T00:44:32+00:00,scanned_full_text,2,file_read_and_hashed
post_0304,2025-02-09,shame-on-google-twice,chatgpt_automation_scan_v1,2026-03-03T00:44:32+00:00,scanned_full_text,0,file_read_and_hashed
post_0305,2025-02-09,warning-elon-musk-is-crippling-the,chatgpt_automation_scan_v1,2026-03-03T00:44:32+00:00,scanned_full_text,0,file_read_and_hashed
post_0306,2025-02-10,paris-ai-summit-train-wreck,chatgpt_automation_scan_v1,2026-03-03T00:44:32+00:00,scanned_full_text,0,file_read_and_hashed
post_0307,2025-02-11,did-elon-musk-just-muk-sam-altman,chatgpt_automation_scan_v1,2026-03-03T00:44:32+00:00,scanned_full_text,1,file_read_and_hashed
post_0308,2025-02-11,everything-i-warned-about-in-taming,chatgpt_automation_scan_v1,2026-03-03T00:44:32+00:00,scanned_full_text,2,file_read_and_hashed
post_0309,2025-02-13,breaking-openais-efforts-at-pure,chatgpt_automation_scan_v1,2026-03-03T00:44:32+00:00,scanned_full_text,6,file_read_and_hashed
post_0310,2025-02-16,elon-musks-terrifying-vision-for,chatgpt_automation_scan_v1,2026-03-03T00:44:32+00:00,scanned_full_text,2,file_read_and_hashed
post_0311,2025-02-18,grok-3-hot-take,chatgpt_automation_scan_v1,2026-03-03T00:44:32+00:00,scanned_full_text,0,file_read_and_hashed
post_0312,2025-02-19,grok-3-beta-in-shambles,chatgpt_automation_scan_v1,2026-03-03T00:44:32+00:00,scanned_full_text,1,file_read_and_hashed
post_0313,2025-02-20,genai-in-two-words-success-theater,chatgpt_automation_scan_v1,2026-03-03T00:44:32+00:00,scanned_full_text,0,file_read_and_hashed
post_0314,2025-02-23,the-united-states-was-founded-on,chatgpt_automation_scan_v1,2026-03-03T00:44:32+00:00,scanned_full_text,0,file_read_and_hashed
post_0315,2025-02-26,elon-musks-inability-to-listen-to,chatgpt_automation_scan_v1,2026-03-03T00:44:32+00:00,scanned_full_text,1,file_read_and_hashed
post_0316,2025-02-26,gpt-45-is-no-gpt-5,chatgpt_automation_scan_v1,2026-03-03T00:44:32+00:00,scanned_full_text,3,file_read_and_hashed
post_0317,2025-02-27,hot-take-gpt-45-is-a-nothing-burger,chatgpt_automation_scan_v1,2026-03-03T00:44:32+00:00,scanned_full_text,1,file_read_and_hashed
post_0318,2025-03-01,openai-in-deep-trouble,chatgpt_automation_scan_v1,2026-03-03T00:44:32+00:00,scanned_full_text,0,file_read_and_hashed
post_0319,2025-03-02,decoding-and-debunking-hard-forks,chatgpt_automation_scan_v1,2026-03-03T00:44:32+00:00,scanned_full_text,3,file_read_and_hashed
post_0320,2025-03-03,hinton-vs-musk,chatgpt_automation_scan_v1,2026-03-03T00:44:32+00:00,scanned_full_text,0,file_read_and_hashed
post_0321,2025-03-04,is-elon-musk-dumb,chatgpt_automation_scan_v1,2026-03-03T00:44:32+00:00,scanned_full_text,0,file_read_and_hashed
post_0322,2025-03-05,ezra-kleins-new-take-on-agi-and-why,chatgpt_automation_scan_v1,2026-03-03T00:44:32+00:00,scanned_full_text,19,file_read_and_hashed
post_0323,2025-03-09,nobel-prizes-and-the-ai-hype-hall,chatgpt_automation_scan_v1,2026-03-03T00:44:32+00:00,scanned_full_text,7,file_read_and_hashed
post_0324,2025-03-10,urgent-warning-black-mirror-has-entered,chatgpt_automation_scan_v1,2026-03-03T00:44:32+00:00,scanned_full_text,0,file_read_and_hashed
post_0325,2025-03-12,ai-coding-fantasy-meets-pac-man,chatgpt_automation_scan_v1,2026-03-03T00:44:32+00:00,scanned_full_text,2,file_read_and_hashed
post_0326,2025-03-14,hype-anthropics-dario-amodei-the,chatgpt_automation_scan_v1,2026-03-03T00:44:32+00:00,scanned_full_text,3,file_read_and_hashed
post_0327,2025-03-20,meta-pirated-at-least-101-of-my-books,chatgpt_automation_scan_v1,2026-03-03T00:44:32+00:00,scanned_full_text,0,file_read_and_hashed
post_0328,2025-03-25,musk-grok-and-rigorous-adherence,chatgpt_automation_scan_v1,2026-03-03T00:44:32+00:00,scanned_full_text,0,file_read_and_hashed
post_0329,2025-03-27,genais-day-of-reckoning-may-have,chatgpt_automation_scan_v1,2026-03-03T00:44:32+00:00,scanned_full_text,7,file_read_and_hashed
post_0330,2025-03-28,unwoven,chatgpt_automation_scan_v1,2026-03-03T00:44:32+00:00,scanned_full_text,1,file_read_and_hashed
post_0331,2025-04-01,breaking-gpt-5-news,chatgpt_automation_scan_v1,2026-03-03T00:44:32+00:00,scanned_full_text,1,file_read_and_hashed
post_0332,2025-04-02,ai-has-sort-of-passed-the-turing,chatgpt_automation_scan_v1,2026-03-03T00:44:32+00:00,scanned_full_text,2,file_read_and_hashed
post_0333,2025-04-03,did-an-llm-help-write-trumps-trade,chatgpt_automation_scan_v1,2026-03-03T00:44:32+00:00,scanned_full_text,0,file_read_and_hashed
post_0334,2025-04-03,questions-about-president-trump-from,chatgpt_automation_scan_v1,2026-03-03T00:44:32+00:00,scanned_full_text,1,file_read_and_hashed
post_0335,2025-04-04,april-fools-bring-may-hallucinations,chatgpt_automation_scan_v1,2026-03-03T00:44:32+00:00,scanned_full_text,2,file_read_and_hashed
post_0336,2025-04-06,reports-of-llms-mastering-math-have,chatgpt_automation_scan_v1,2026-03-03T00:44:32+00:00,scanned_full_text,4,file_read_and_hashed
post_0337,2025-04-07,breaking-bill-that-would-have-blocked,chatgpt_automation_scan_v1,2026-03-03T00:44:32+00:00,scanned_full_text,0,file_read_and_hashed
post_0338,2025-04-07,deep-learning-deep-scandal,chatgpt_automation_scan_v1,2026-03-03T00:44:32+00:00,scanned_full_text,0,file_read_and_hashed
post_0339,2025-04-10,poor-roi-for-genai,chatgpt_automation_scan_v1,2026-03-03T00:44:32+00:00,scanned_full_text,0,file_read_and_hashed
post_0340,2025-04-11,one-giant-leap-towards-authoritarian,chatgpt_automation_scan_v1,2026-03-03T00:44:32+00:00,scanned_full_text,0,file_read_and_hashed
post_0341,2025-04-15,sam-altmans-attitude-problem,chatgpt_automation_scan_v1,2026-03-03T00:44:32+00:00,scanned_full_text,0,file_read_and_hashed
post_0342,2025-04-16,altman-vs-musk-cage-match,chatgpt_automation_scan_v1,2026-03-03T00:44:32+00:00,scanned_full_text,0,file_read_and_hashed
post_0343,2025-04-16,those-claiming-were-mere-months-away,chatgpt_automation_scan_v1,2026-03-03T00:44:32+00:00,scanned_full_text,1,file_read_and_hashed
post_0344,2025-04-17,dear-elon-musk-here-are-five-things,chatgpt_automation_scan_v1,2026-03-03T00:44:32+00:00,scanned_full_text,9,file_read_and_hashed
post_0345,2025-04-17,openais-o3-and-tyler-cowens-misguided,chatgpt_automation_scan_v1,2026-03-03T00:44:32+00:00,scanned_full_text,3,file_read_and_hashed
post_0346,2025-04-23,openais-dirty-december-o3-demo-doesnt,chatgpt_automation_scan_v1,2026-03-03T00:44:32+00:00,scanned_full_text,0,file_read_and_hashed
post_0347,2025-04-25,new-adventures-in-ai-hype-our-language,chatgpt_automation_scan_v1,2026-03-03T00:44:32+00:00,scanned_full_text,1,file_read_and_hashed
post_0348,2025-05-03,the-latest-ai-scaling-graph-and-why,chatgpt_automation_scan_v1,2026-03-03T00:44:32+00:00,scanned_full_text,1,file_read_and_hashed
post_0349,2025-05-05,why-do-large-language-models-hallucinate,chatgpt_automation_scan_v1,2026-03-03T00:44:32+00:00,scanned_full_text,4,file_read_and_hashed
post_0350,2025-05-06,technology-review-jumps-the-shark,chatgpt_automation_scan_v1,2026-03-03T00:44:32+00:00,scanned_full_text,2,file_read_and_hashed
post_0351,2025-05-07,all-your-data-belong-to-us,chatgpt_automation_scan_v1,2026-03-03T00:44:32+00:00,scanned_full_text,0,file_read_and_hashed
post_0352,2025-05-08,everyone-is-cheating-their-way-through,chatgpt_automation_scan_v1,2026-03-03T00:44:32+00:00,scanned_full_text,0,file_read_and_hashed
post_0353,2025-05-10,the-pope-gets-it,chatgpt_automation_scan_v1,2026-03-03T00:44:32+00:00,scanned_full_text,0,file_read_and_hashed
post_0354,2025-05-10,the-secret-to-agi-in-4-pages,chatgpt_automation_scan_v1,2026-03-03T00:44:32+00:00,scanned_full_text,0,file_read_and_hashed
post_0355,2025-05-12,chatgpt-blows-mapmaking-101,chatgpt_automation_scan_v1,2026-03-03T00:44:32+00:00,scanned_full_text,1,file_read_and_hashed
post_0356,2025-05-14,when-it-comes-to-ai-policy-congress,chatgpt_automation_scan_v1,2026-03-03T00:44:32+00:00,scanned_full_text,10,file_read_and_hashed
post_0357,2025-05-15,has-grok-lost-its-mind-and-mind-melded,chatgpt_automation_scan_v1,2026-03-03T00:44:32+00:00,scanned_full_text,1,file_read_and_hashed
post_0358,2025-05-16,two-years-ago-today-in-ai-history,chatgpt_automation_scan_v1,2026-03-03T00:44:32+00:00,scanned_full_text,3,file_read_and_hashed
post_0359,2025-05-17,self-modern-post-parody,chatgpt_automation_scan_v1,2026-03-03T00:44:32+00:00,scanned_full_text,1,file_read_and_hashed
post_0360,2025-05-19,ai-may-have-just-influenced-argentinas,chatgpt_automation_scan_v1,2026-03-03T00:44:32+00:00,scanned_full_text,0,file_read_and_hashed
post_0361,2025-05-19,scaling-is-over-the-bubble-may-be,chatgpt_automation_scan_v1,2026-03-03T00:44:32+00:00,scanned_full_text,0,file_read_and_hashed
post_0362,2025-05-22,the-ai-2027-scenario-how-realistic,chatgpt_automation_scan_v1,2026-03-03T00:44:32+00:00,scanned_full_text,20,file_read_and_hashed
post_0363,2025-05-23,black-mirror-was-a-warmup-act,chatgpt_automation_scan_v1,2026-03-03T00:44:32+00:00,scanned_full_text,1,file_read_and_hashed
post_0364,2025-05-24,ai-literacy-hallucinations-and-the,chatgpt_automation_scan_v1,2026-03-03T00:44:32+00:00,scanned_full_text,0,file_read_and_hashed
post_0365,2025-06-17,five-quick-updates-about-that-apple,chatgpt_automation_scan_v1,2026-03-03T00:44:32+00:00,scanned_full_text,1,file_read_and_hashed
post_0366,2025-06-17,seven-replies-to-the-viral-apple,chatgpt_automation_scan_v1,2026-03-03T00:44:32+00:00,scanned_full_text,4,file_read_and_hashed
post_0367,2025-06-21,1984-but-with-llms,chatgpt_automation_scan_v1,2026-03-03T00:44:32+00:00,scanned_full_text,1,file_read_and_hashed
post_0368,2025-06-23,llms-dishonest-unpredictable-and,chatgpt_automation_scan_v1,2026-03-03T00:44:32+00:00,scanned_full_text,7,file_read_and_hashed
post_0369,2025-06-25,image-generation-still-crazy-after,chatgpt_automation_scan_v1,2026-03-03T00:44:32+00:00,scanned_full_text,1,file_read_and_hashed
post_0370,2025-07-01,alphageometry2-impressive-accomplishment,chatgpt_automation_scan_v1,2026-03-03T00:44:32+00:00,scanned_full_text,5,file_read_and_hashed
post_0371,2025-07-03,a-knockout-blow-for-llms,chatgpt_automation_scan_v1,2026-03-03T00:44:32+00:00,scanned_full_text,8,file_read_and_hashed
post_0372,2025-07-04,botshit-gone-wild,chatgpt_automation_scan_v1,2026-03-03T00:44:32+00:00,scanned_full_text,0,file_read_and_hashed
post_0373,2025-07-09,are-llms-starting-to-become-a-sentient,chatgpt_automation_scan_v1,2026-03-03T00:44:32+00:00,scanned_full_text,2,file_read_and_hashed
post_0374,2025-07-09,scott-alexanders-misleading-victory,chatgpt_automation_scan_v1,2026-03-03T00:44:32+00:00,scanned_full_text,4,file_read_and_hashed
post_0375,2025-07-10,breaking-news-ai-coding-may-not-be,chatgpt_automation_scan_v1,2026-03-03T00:44:32+00:00,scanned_full_text,1,file_read_and_hashed
post_0376,2025-07-11,bad-actors-are-grooming-llms-to-produce,chatgpt_automation_scan_v1,2026-03-03T00:44:32+00:00,scanned_full_text,4,file_read_and_hashed
post_0377,2025-07-13,how-o3-and-grok-4-accidentally-vindicated,chatgpt_automation_scan_v1,2026-03-03T00:44:32+00:00,scanned_full_text,21,file_read_and_hashed
post_0378,2025-07-15,why-my-pdoom-has-risen-dramatically,chatgpt_automation_scan_v1,2026-03-03T00:44:32+00:00,scanned_full_text,11,file_read_and_hashed
post_0379,2025-07-17,sex-violence-and-ethics-trying-to,chatgpt_automation_scan_v1,2026-03-03T00:44:32+00:00,scanned_full_text,0,file_read_and_hashed
post_0380,2025-07-22,deepmind-and-openai-achieve-imo-gold,chatgpt_automation_scan_v1,2026-03-03T00:44:32+00:00,scanned_full_text,5,file_read_and_hashed
post_0381,2025-07-27,what-to-expect-when-youre-expecting-62e,chatgpt_automation_scan_v1,2026-03-03T00:44:32+00:00,scanned_full_text,13,file_read_and_hashed
post_0382,2025-08-03,ai-agents-have-so-far-mostly-been,chatgpt_automation_scan_v1,2026-03-03T00:44:32+00:00,scanned_full_text,7,file_read_and_hashed
post_0383,2025-08-04,slopocalypse-now,chatgpt_automation_scan_v1,2026-03-03T00:44:32+00:00,scanned_full_text,1,file_read_and_hashed
post_0384,2025-08-07,gpt-5-hot-take,chatgpt_automation_scan_v1,2026-03-03T00:44:32+00:00,scanned_full_text,1,file_read_and_hashed
post_0385,2025-08-09,gpt-5-overdue-overhyped-and-underwhelming,chatgpt_automation_scan_v1,2026-03-03T00:44:32+00:00,scanned_full_text,11,file_read_and_hashed
post_0386,2025-08-12,llms-are-not-like-you-and-meand-never,chatgpt_automation_scan_v1,2026-03-03T00:44:32+00:00,scanned_full_text,5,file_read_and_hashed
post_0387,2025-08-14,openais-waterloo,chatgpt_automation_scan_v1,2026-03-03T00:44:32+00:00,scanned_full_text,6,file_read_and_hashed
post_0388,2025-08-17,llms-coding-agents-security-nightmare,chatgpt_automation_scan_v1,2026-03-03T00:44:32+00:00,scanned_full_text,2,file_read_and_hashed
post_0389,2025-08-18,things-are-so-desperate-at-openai,chatgpt_automation_scan_v1,2026-03-03T00:44:32+00:00,scanned_full_text,1,file_read_and_hashed
post_0390,2025-08-20,is-this-the-moment-when-the-generative,chatgpt_automation_scan_v1,2026-03-03T00:44:32+00:00,scanned_full_text,2,file_read_and_hashed
post_0391,2025-08-23,ai-layoffs-productivity-and-the-klarna,chatgpt_automation_scan_v1,2026-03-03T00:44:32+00:00,scanned_full_text,2,file_read_and_hashed
post_0392,2025-08-27,what-scaling-does-and-doesnt-buy,chatgpt_automation_scan_v1,2026-03-03T00:44:32+00:00,scanned_full_text,2,file_read_and_hashed
post_0393,2025-08-31,spinal-tap-meets-john-malkovich,chatgpt_automation_scan_v1,2026-03-03T00:44:32+00:00,scanned_full_text,0,file_read_and_hashed
post_0394,2025-09-03,scaling-hasnt-gotten-us-to-agi-or,chatgpt_automation_scan_v1,2026-03-03T00:44:32+00:00,scanned_full_text,0,file_read_and_hashed
post_0395,2025-09-05,the-bad-news-ai-is-going-pretty-much,chatgpt_automation_scan_v1,2026-03-03T00:44:32+00:00,scanned_full_text,0,file_read_and_hashed
post_0396,2025-09-07,openais-future-foretold,chatgpt_automation_scan_v1,2026-03-03T00:44:32+00:00,scanned_full_text,0,file_read_and_hashed
post_0397,2025-09-10,alan-kay-alan-turing-and-your-truly,chatgpt_automation_scan_v1,2026-03-03T00:44:32+00:00,scanned_full_text,0,file_read_and_hashed
post_0398,2025-09-11,peak-bubble,chatgpt_automation_scan_v1,2026-03-03T00:44:32+00:00,scanned_full_text,1,file_read_and_hashed
post_0399,2025-09-17,if-anyone-builds-it-does-everybody,chatgpt_automation_scan_v1,2026-03-03T00:44:32+00:00,scanned_full_text,0,file_read_and_hashed
post_0400,2025-09-22,ai-red-lines-we-should-not-cross,chatgpt_automation_scan_v1,2026-03-03T00:44:32+00:00,scanned_full_text,0,file_read_and_hashed
post_0401,2025-09-24,why-is-the-roi-on-generative-ai-so,chatgpt_automation_scan_v1,2026-03-03T00:44:32+00:00,scanned_full_text,0,file_read_and_hashed
post_0402,2025-09-28,game-over-for-pure-llms-even-turing,chatgpt_automation_scan_v1,2026-03-03T00:44:32+00:00,scanned_full_text,2,file_read_and_hashed
post_0403,2025-09-30,sam-altman-and-copyright-then-and,chatgpt_automation_scan_v1,2026-03-03T00:44:32+00:00,scanned_full_text,0,file_read_and_hashed
post_0404,2025-10-12,the-grand-agi-delusion,chatgpt_automation_scan_v1,2026-03-03T00:44:32+00:00,scanned_full_text,0,file_read_and_hashed
post_0405,2025-10-16,is-agi-the-right-goal-for-ai,chatgpt_automation_scan_v1,2026-03-03T00:44:32+00:00,scanned_full_text,2,file_read_and_hashed
post_0406,2025-10-18,the-last-few-months-have-been-devastating,chatgpt_automation_scan_v1,2026-03-03T00:44:32+00:00,scanned_full_text,0,file_read_and_hashed
post_0407,2025-10-22,five-signs-that-generative-ai-is,chatgpt_automation_scan_v1,2026-03-03T00:44:32+00:00,scanned_full_text,1,file_read_and_hashed
post_0408,2025-10-22,is-vibe-coding-dying,chatgpt_automation_scan_v1,2026-03-03T00:44:32+00:00,scanned_full_text,0,file_read_and_hashed
post_0409,2025-10-27,could-china-devastate-the-us-without,chatgpt_automation_scan_v1,2026-03-03T00:44:32+00:00,scanned_full_text,2,file_read_and_hashed
post_0410,2025-11-02,too-big-to-fail,chatgpt_automation_scan_v1,2026-03-03T00:44:32+00:00,scanned_full_text,0,file_read_and_hashed
post_0411,2025-11-06,if-you-thought-the-2008-bank-bailout,chatgpt_automation_scan_v1,2026-03-03T00:44:32+00:00,scanned_full_text,1,file_read_and_hashed
post_0412,2025-11-07,sam-altmans-pants-are-totally-on,chatgpt_automation_scan_v1,2026-03-03T00:44:32+00:00,scanned_full_text,0,file_read_and_hashed
post_0413,2025-11-11,5-recent-ominous-signs-for-generative,chatgpt_automation_scan_v1,2026-03-03T00:44:32+00:00,scanned_full_text,0,file_read_and_hashed
post_0414,2025-11-18,generative-ais-crippling-and-widespread,chatgpt_automation_scan_v1,2026-03-03T00:44:32+00:00,scanned_full_text,23,file_read_and_hashed
post_0415,2025-11-19,hot-take-on-googles-gemini-3,chatgpt_automation_scan_v1,2026-03-03T00:44:32+00:00,scanned_full_text,0,file_read_and_hashed
post_0416,2025-11-19,mayday-the-white-house-is-attempting,chatgpt_automation_scan_v1,2026-03-03T00:44:32+00:00,scanned_full_text,1,file_read_and_hashed
post_0417,2025-11-20,nvidias-earnings-report-and-the-calculus,chatgpt_automation_scan_v1,2026-03-03T00:44:32+00:00,scanned_full_text,0,file_read_and_hashed
post_0418,2025-11-21,breaking-the-ai-2027-doomsday-scenario,chatgpt_automation_scan_v1,2026-03-03T00:44:32+00:00,scanned_full_text,4,file_read_and_hashed
post_0419,2025-11-23,chatgpt-and-delusions-an-important,chatgpt_automation_scan_v1,2026-03-03T00:44:32+00:00,scanned_full_text,0,file_read_and_hashed
post_0420,2025-11-24,erdosgate,chatgpt_automation_scan_v1,2026-03-03T00:44:32+00:00,scanned_full_text,1,file_read_and_hashed
post_0421,2025-11-25,a-tale-of-two-ai-capitalisms,chatgpt_automation_scan_v1,2026-03-03T00:44:32+00:00,scanned_full_text,0,file_read_and_hashed
post_0422,2025-11-27,has-the-bailout-of-generative-ai,chatgpt_automation_scan_v1,2026-03-03T00:44:32+00:00,scanned_full_text,1,file_read_and_hashed
post_0423,2025-12-01,a-trillion-dollars-is-a-terrible,chatgpt_automation_scan_v1,2026-03-03T00:44:32+00:00,scanned_full_text,3,file_read_and_hashed
post_0424,2025-12-01,three-years-on-chatgpt-still-isnt,chatgpt_automation_scan_v1,2026-03-03T00:44:32+00:00,scanned_full_text,22,file_read_and_hashed
post_0425,2025-12-03,openais-code-red,chatgpt_automation_scan_v1,2026-03-03T00:44:32+00:00,scanned_full_text,0,file_read_and_hashed
post_0426,2025-12-09,has-the-chinese-government-figured,chatgpt_automation_scan_v1,2026-03-03T00:44:32+00:00,scanned_full_text,2,file_read_and_hashed
post_0427,2025-12-09,is-the-white-houses-ai-policy-coherent,chatgpt_automation_scan_v1,2026-03-03T00:44:32+00:00,scanned_full_text,4,file_read_and_hashed
post_0428,2025-12-12,a-sad-day-for-america,chatgpt_automation_scan_v1,2026-03-03T00:44:32+00:00,scanned_full_text,1,file_read_and_hashed
post_0429,2025-12-13,a-deeply-implausible-premise-is-behind,chatgpt_automation_scan_v1,2026-03-03T00:44:32+00:00,scanned_full_text,3,file_read_and_hashed
post_0430,2025-12-15,a-case-for-ai-models-that-understand,chatgpt_automation_scan_v1,2026-03-03T00:44:32+00:00,scanned_full_text,1,file_read_and_hashed
post_0431,2025-12-15,new-ways-to-corrupt-llms,chatgpt_automation_scan_v1,2026-03-03T00:44:32+00:00,scanned_full_text,1,file_read_and_hashed
post_0432,2025-12-17,breaking-news-scale-is-all-you-need,chatgpt_automation_scan_v1,2026-03-03T00:44:32+00:00,scanned_full_text,4,file_read_and_hashed
post_0433,2025-12-20,six-or-seven-predictions-for-ai-2026,chatgpt_automation_scan_v1,2026-03-03T00:44:32+00:00,scanned_full_text,4,file_read_and_hashed
post_0434,2025-12-23,two-takes-on-ai-and-the-future-of,chatgpt_automation_scan_v1,2026-03-03T00:44:32+00:00,scanned_full_text,3,file_read_and_hashed
post_0435,2025-12-26,the-ai-bubble-is-all-over-now-baby,chatgpt_automation_scan_v1,2026-03-03T00:44:32+00:00,scanned_full_text,0,file_read_and_hashed
post_0436,2025-12-30,ai-cartoon-of-the-year-and-five-rereadings,chatgpt_automation_scan_v1,2026-03-03T00:44:32+00:00,scanned_full_text,3,file_read_and_hashed
post_0437,2026-01-06,breaking-marcus-weighs-in-mostly,chatgpt_automation_scan_v1,2026-03-03T00:44:32+00:00,scanned_full_text,3,file_read_and_hashed
post_0438,2026-01-06,the-false-glorification-of-yann-lecun,chatgpt_automation_scan_v1,2026-03-03T00:44:32+00:00,scanned_full_text,9,file_read_and_hashed
post_0439,2026-01-06,the-possibly-coming-ai-backlash-and,chatgpt_automation_scan_v1,2026-03-03T00:44:32+00:00,scanned_full_text,4,file_read_and_hashed
post_0440,2026-01-06,why-chatgpt-cant-be-trusted-with,chatgpt_automation_scan_v1,2026-03-03T00:44:32+00:00,scanned_full_text,5,file_read_and_hashed
post_0441,2026-01-07,the-worst-person-in-tech,chatgpt_automation_scan_v1,2026-03-03T00:44:32+00:00,scanned_full_text,0,file_read_and_hashed
post_0442,2026-01-12,lets-be-honest-generative-ai-isnt,chatgpt_automation_scan_v1,2026-03-03T00:44:32+00:00,scanned_full_text,1,file_read_and_hashed
post_0443,2026-01-13,the-rapid-rise-and-slow-decline-of,chatgpt_automation_scan_v1,2026-03-03T00:44:32+00:00,scanned_full_text,1,file_read_and_hashed
post_0444,2026-01-14,how-generative-ai-is-destroying-society,chatgpt_automation_scan_v1,2026-03-03T00:44:32+00:00,scanned_full_text,7,file_read_and_hashed
post_0445,2026-01-15,a-few-dark-words-about-chatbots-and,chatgpt_automation_scan_v1,2026-03-03T00:44:32+00:00,scanned_full_text,3,file_read_and_hashed
post_0446,2026-01-21,the-big-short-meets-marcus-on-ai,chatgpt_automation_scan_v1,2026-03-03T00:44:32+00:00,scanned_full_text,0,file_read_and_hashed
post_0447,2026-01-22,breaking-sir-demis-hassabis-becomes,chatgpt_automation_scan_v1,2026-03-03T00:44:32+00:00,scanned_full_text,0,file_read_and_hashed
post_0448,2026-01-22,further-breaking-news-further-vindicating,chatgpt_automation_scan_v1,2026-03-03T00:44:32+00:00,scanned_full_text,0,file_read_and_hashed
post_0449,2026-01-23,ai-bot-swarms-threaten-to-undermine,chatgpt_automation_scan_v1,2026-03-03T00:44:32+00:00,scanned_full_text,3,file_read_and_hashed
post_0450,2026-02-01,openclaw-aka-moltbot-is-everywhere,chatgpt_automation_scan_v1,2026-03-03T00:44:32+00:00,scanned_full_text,5,file_read_and_hashed
post_0451,2026-02-02,where-is-ai-headed-8-perspectives,chatgpt_automation_scan_v1,2026-03-03T00:44:32+00:00,scanned_full_text,0,file_read_and_hashed
post_0452,2026-02-03,four-theories-about-the-spacex-xai,chatgpt_automation_scan_v1,2026-03-03T00:44:32+00:00,scanned_full_text,1,file_read_and_hashed
post_0453,2026-02-04,sam-altman-and-the-day-nvidias-meteoric,chatgpt_automation_scan_v1,2026-03-03T00:44:32+00:00,scanned_full_text,2,file_read_and_hashed
post_0454,2026-02-05,is-the-great-ai-meltdown-imminent,chatgpt_automation_scan_v1,2026-03-03T00:44:32+00:00,scanned_full_text,1,file_read_and_hashed
post_0455,2026-02-08,super-bowl-matchup-anthropic-vs-openai,chatgpt_automation_scan_v1,2026-03-03T00:44:32+00:00,scanned_full_text,1,file_read_and_hashed
post_0456,2026-02-10,breaking-llm-reasoning-continues,chatgpt_automation_scan_v1,2026-03-03T00:44:32+00:00,scanned_full_text,0,file_read_and_hashed
post_0457,2026-02-10,some-disconcerting-facts-about-ai,chatgpt_automation_scan_v1,2026-03-03T00:44:32+00:00,scanned_full_text,5,file_read_and_hashed
post_0458,2026-02-11,about-that-matt-shumer-post-that,chatgpt_automation_scan_v1,2026-03-03T00:44:32+00:00,scanned_full_text,0,file_read_and_hashed
post_0459,2026-02-11,the-literal-enshittification-of-the,chatgpt_automation_scan_v1,2026-03-03T00:44:32+00:00,scanned_full_text,0,file_read_and_hashed
post_0460,2026-02-12,promises-are-cheap,chatgpt_automation_scan_v1,2026-03-03T00:44:32+00:00,scanned_full_text,0,file_read_and_hashed
post_0461,2026-02-13,breaking-openai-is-probably-toast,chatgpt_automation_scan_v1,2026-03-03T00:44:32+00:00,scanned_full_text,1,file_read_and_hashed
post_0462,2026-02-13,irony-irony-laced-with-karma-and,chatgpt_automation_scan_v1,2026-03-03T00:44:32+00:00,scanned_full_text,1,file_read_and_hashed
post_0463,2026-02-14,we-urgently-need-a-federal-law-forbidding,chatgpt_automation_scan_v1,2026-03-03T00:44:32+00:00,scanned_full_text,2,file_read_and_hashed
post_0464,2026-02-17,rumors-of-agis-arrival-have-been,chatgpt_automation_scan_v1,2026-03-03T00:44:32+00:00,scanned_full_text,1,file_read_and_hashed
post_0465,2026-02-23,turns-out-generative-ai-was-a-scam,chatgpt_automation_scan_v1,2026-03-03T00:44:32+00:00,scanned_full_text,2,file_read_and_hashed
post_0466,2026-02-24,marilyn-molly-marcus-1942-2026,chatgpt_automation_scan_v1,2026-03-03T00:44:32+00:00,scanned_full_text,1,file_read_and_hashed
post_0467,2026-02-25,code-red-for-humanity,chatgpt_automation_scan_v1,2026-03-03T00:44:32+00:00,scanned_full_text,4,file_read_and_hashed
post_0468,2026-02-26,america-and-probably-the-world-stands,chatgpt_automation_scan_v1,2026-03-03T00:44:32+00:00,scanned_full_text,7,file_read_and_hashed
post_0469,2026-02-26,historic-statement-from-dario-amodei,chatgpt_automation_scan_v1,2026-03-03T00:44:32+00:00,scanned_full_text,0,file_read_and_hashed
post_0470,2026-02-26,retired-us-air-force-general-jack,chatgpt_automation_scan_v1,2026-03-03T00:44:32+00:00,scanned_full_text,0,file_read_and_hashed
post_0471,2026-02-27,did-trump-just-overplay-his-hand,chatgpt_automation_scan_v1,2026-03-03T00:44:32+00:00,scanned_full_text,2,file_read_and_hashed
post_0472,2026-02-27,does-openais-new-financing-make-sense,chatgpt_automation_scan_v1,2026-03-03T00:44:32+00:00,scanned_full_text,1,file_read_and_hashed
post_0473,2026-02-28,the-whole-thing-was-scam,chatgpt_automation_scan_v1,2026-03-03T00:44:32+00:00,scanned_full_text,0,file_read_and_hashed
post_0474,2026-03-01,is-ai-already-killing-people-by-accident,chatgpt_automation_scan_v1,2026-03-03T00:44:32+00:00,scanned_full_text,3,file_read_and_hashed
